Image,SSIM btw Original and Blur,SSIM btw Original and Deblurred,SSIM btw Blur and Deblurred
65033.jpg,0.2937711800018902,0.3558591753008458,0.788104405082206
148089.jpg,0.2589114676112917,0.32935104896419976,0.7785824250772184
21077.jpg,0.4189086415715697,0.4807415566001507,0.8129085869120126
41033.jpg,0.4851950289609473,0.5409238623650746,0.8345458094776464
12084.jpg,0.30805084605587835,0.33873331133905843,0.7311210270838364
175043.jpg,0.19697269581057783,0.30372874231608277,0.6955845222970596
376043.jpg,0.29174716808827306,0.38167087570088304,0.7904191380560062
299086.jpg,0.5727576212621429,0.566915650281188,0.7176106116973683
108082.jpg,0.45376250307606725,0.5081297697297772,0.8080731676762477
134035.jpg,0.25522464942805023,0.3654506764570568,0.7491488688824077
38082.jpg,0.299703168149059,0.39078133564579237,0.7730433130941657
45096.jpg,0.8072788455491801,0.7768268663541891,0.8771041540145909
167083.jpg,0.28656699225165505,0.3481143589642643,0.7541112328378698
42049.jpg,0.6991187473599848,0.6910434560419049,0.7563401814483917
295087.jpg,0.5202011454677551,0.5035223917160777,0.8229982516870358
229036.jpg,0.2771309198222552,0.3463077833846322,0.7977907584304327
89072.jpg,0.3705349505878237,0.45477498306379216,0.7497876876900117
285079.jpg,0.3171029709122827,0.40022954471205224,0.7670681093467059
69020.jpg,0.341472357585954,0.41847925239780004,0.7774693867273804
219090.jpg,0.5412092368492022,0.5636535201264632,0.8168679348756615
103070.jpg,0.4776106306228443,0.5666303534541947,0.792717613139049
156065.jpg,0.3663065978072865,0.4238678593052177,0.7897998572916992
210088.jpg,0.4899001351926359,0.5783267351317863,0.7359782487232275
38092.jpg,0.45313883356964446,0.520059226143138,0.8056856660068146
197017.jpg,0.49186405538250005,0.5248024389138318,0.8265119974191871
159008.jpg,0.40195083211933413,0.5179088625069141,0.7854029375286324
306005.jpg,0.5219810029724224,0.5661859738846946,0.7970313197367972
241004.jpg,0.6544694160186869,0.6601502079530412,0.8639185569803626
296007.jpg,0.5764438628657916,0.5468025797880286,0.7705025598068754
85048.jpg,0.29185608574446725,0.3856457650065164,0.7781125549385113
14037.jpg,0.6991012612498634,0.6964027078042028,0.8477671673737301
208001.jpg,0.42235833712181287,0.46855169934442215,0.8010722187813856
143090.jpg,0.6932739939273675,0.6818575307124788,0.8304442333709122
157055.jpg,0.38344407697795013,0.48664399305534817,0.7415964201910749
106024.jpg,0.678844864171298,0.7071429291832185,0.823351155749898
182053.jpg,0.4943656973052781,0.5131992355589047,0.7842389577999426
37073.jpg,0.5845312379177213,0.591361033956164,0.7489158726784173
130026.jpg,0.40564018086743814,0.46211282525771225,0.8373484500189234
361010.jpg,0.4711611034898295,0.5162562968303798,0.7749757596857029
227092.jpg,0.6177265856447899,0.5942784459557006,0.7486956879078557
163085.jpg,0.4713114913751997,0.5445231276638122,0.7619420587978779
241048.jpg,0.36996118696999797,0.41514906456624817,0.8267544461959536
86068.jpg,0.32932589385485483,0.3824765908836209,0.7288314607181622
3096.jpg,0.8311707221026964,0.757528012030866,0.7873451747906394
147091.jpg,0.5964719576136601,0.5922813458369994,0.8338137290443633
220075.jpg,0.45525069134114315,0.5284294047413646,0.7691125522882577
42012.jpg,0.45579708797675705,0.5573612543536832,0.7858978618722176
304074.jpg,0.32841376045894305,0.41494934741950146,0.7565433162719112
175032.jpg,0.15151388258631662,0.21295906414106022,0.68194874351407
78004.jpg,0.4248566084298289,0.5053454350374544,0.7616718430151733
123074.jpg,0.40874423574896684,0.4962350490058393,0.7901763473497502
33039.jpg,0.2051105518316927,0.3508407396555741,0.6774371953036301
296059.jpg,0.5572738022102235,0.5838423415957706,0.7887476224895512
69040.jpg,0.22944910347871117,0.29174882389170476,0.7098300046228253
41069.jpg,0.23420991007072933,0.28881253391850203,0.8161535096169699
145086.jpg,0.43892124938600796,0.48131629405138326,0.8265865981262444
58060.jpg,0.3381843986841457,0.36114076970849207,0.7950533979740076
102061.jpg,0.5966155016212045,0.6068007873069196,0.8064563260225116
236037.jpg,0.25177884968648273,0.3349772669361985,0.7787182467640338
97033.jpg,0.34603130068991134,0.41959794940765,0.8032826389427914
43074.jpg,0.5630554352260367,0.5904702585461232,0.7319934733474862
16077.jpg,0.42559350526723616,0.5192013636917957,0.7952301142574537
260058.jpg,0.5467180075094537,0.5522862917485479,0.8262984957109168
351093.jpg,0.43626552612845443,0.49147224912220233,0.8464368015722016
253055.jpg,0.6351705188747506,0.6233906667674916,0.8498083164004294
271035.jpg,0.38475876603504316,0.4620588910692421,0.7841467745632541
302008.jpg,0.6326593185966151,0.6507607762429013,0.8198144770230792
148026.jpg,0.27990094113259445,0.36553090572585534,0.724381641666402
109053.jpg,0.46197444005261373,0.5356486087072306,0.7543917767602126
62096.jpg,0.46520857828627654,0.4929017988592784,0.81935051568956
216081.jpg,0.42526717433027006,0.4635994899882416,0.8146103733532838
189080.jpg,0.6643905928332124,0.7010708603967197,0.825662685236782
108005.jpg,0.3261793943937424,0.39637242384774624,0.7527512272431286
385039.jpg,0.4392339258787583,0.4937169177760943,0.805970691592279
119082.jpg,0.3237028635448019,0.40944380151643034,0.7747308105293053
19021.jpg,0.4095205431821407,0.4891296782283772,0.7656853093891481
54082.jpg,0.5156229213002649,0.5391235938013105,0.7688720773723888
86000.jpg,0.46760020417984816,0.4750948831866544,0.7846520212513918
167062.jpg,0.7105868065878814,0.701595838901108,0.9021015216321074
55073.jpg,0.23801239989756875,0.31454580896650347,0.7820774342380298
101085.jpg,0.3052246762984579,0.3945881090079178,0.8123697819608307
76053.jpg,0.3973699846655066,0.4228374388532377,0.8005543581626636
223061.jpg,0.36726734893625407,0.39819242049955744,0.8205612135169541
101087.jpg,0.6170619858275807,0.6459055900323163,0.838999797878519
8023.jpg,0.41804880375559184,0.49771209100327884,0.7523613827481178
291000.jpg,0.1890543465721207,0.2503338095049448,0.7607262082156033
160068.jpg,0.5936471794156709,0.6097093343725434,0.7921751614312793
196073.jpg,0.33590705194357456,0.3471531132188432,0.5838174096181152
86016.jpg,0.16393468055380322,0.18296366492068436,0.7707284470303719
87046.jpg,0.33841748389135184,0.4529255692870043,0.7690691230063669
105025.jpg,0.43842178342019505,0.5158907144214834,0.8134834946505011
300091.jpg,0.6143951432809103,0.6178937901161242,0.8455791675302667
69015.jpg,0.4453207780996709,0.517809956758522,0.7886947053971157
253027.jpg,0.35813706837943843,0.3995815054143604,0.73917932837238
108070.jpg,0.3044381701680146,0.3472122549072978,0.8022031173424363
24077.jpg,0.4014681847764228,0.4832310075412949,0.7648248173032264
126007.jpg,0.6091133919047964,0.6121765239048461,0.8186141800049844
304034.jpg,0.24965872981989548,0.3488322756687374,0.7533580938442436
170057.jpg,0.445566847360678,0.5099953464377761,0.7366692847831287
66053.jpg,0.35498572258241445,0.41408209137815355,0.8202171245990261
